Quelle,Quelle-Id,Quelle-URL,Sync-Zeitstempel,Status,AnzeigeName,Title,Type-Id,Version,ZulassungStatus,ZulassungAb,ZulassungBis,AbgekündigtSeit,Release
Polarion,ML-119550,https://polarion.int.gematik.de/polarion/#/project/Mainline_OPB1/workitem?id=ML-119550,2021-10-27 13:49:50.428538,final,ePA-Aktensystem,gemProdT_Aktensystem_ePA_PTV_1.1.4-0,zoPT_Aktensystem_ePA,1.1.4-0,valid,2020-06-26,2020-09-09,,R3.1.3 Hotfix 2
Polarion,ML-119460,https://polarion.int.gematik.de/polarion/#/project/Mainline_OPB1/workitem?id=ML-119460,2021-10-27 13:49:50.428736,final,ePA-Aktensystem,gemProdT_Aktensystem_ePA_PTV_1.1.5-0,zoPT_Aktensystem_ePA,1.1.5-0,approvable,2020-09-09,,,R3.1.3 Hotfix 3
Polarion,ML-119459,https://polarion.int.gematik.de/polarion/#/project/Mainline_OPB1/workitem?id=ML-119459,2021-10-27 13:49:50.428940,final,ePA-Aktensystem,gemProdT_Aktensystem_ePA_PTV_2.2.0-0,zoPT_Aktensystem_ePA,2.2.0-0,endOfLife,2021-03-05,2021-06-02,,R4.0.2
Polarion,ML-122730,https://polarion.int.gematik.de/polarion/#/project/Mainline_OPB1/workitem?id=ML-122730,2021-10-27 13:49:50.429129,final,ePA-Aktensystem,gemProdT_Aktensystem_ePA_PTV_2.3.0-0,zoPT_Aktensystem_ePA,2.3.0-0,endOfLife,2021-06-22,2021-07-09,,ePA 2.0.3
Polarion,ML-121705,https://polarion.int.gematik.de/polarion/#/project/Mainline_OPB1/workitem?id=ML-121705,2021-10-27 13:49:50.429311,final,ePA-Aktensystem,gemProdT_Aktensystem_ePA_PTV_2.4.0-0,zoPT_Aktensystem_ePA,2.4.0-0,valid,2021-07-09,2021-09-02,,ePA 2.0.4
Polarion,ML-124031,https://polarion.int.gematik.de/polarion/#/project/Mainline_OPB1/workitem?id=ML-124031,2021-10-27 13:49:50.429492,final,ePA-Aktensystem,gemProdT_Aktensystem_ePA_PTV_2.5.0-0,zoPT_Aktensystem_ePA,2.5.0-0,valid,2021-09-02,2021-10-04,,Konnektor-Maintenance-21.5
Polarion,ML-124843,https://polarion.int.gematik.de/polarion/#/project/Mainline_OPB1/workitem?id=ML-124843,2021-10-27 13:49:50.429677,final,ePA-Aktensystem,gemProdT_Aktensystem_ePA_PTV_2.6.0-0,zoPT_Aktensystem_ePA,2.6.0-0,approvable,2021-10-04,,,Release ePA_2.0.5
Polarion,ML-125257,https://polarion.int.gematik.de/polarion/#/project/Mainline_OPB1/workitem?id=ML-125257,2021-10-27 13:49:50.429865,planned,ePA-Aktensystem,gemProdT_Aktensystem_ePA_PTV_2.6.0-0,zoPT_Aktensystem_ePA,2.6.0-0,inPreparation,,,,Konnektor_PTV5_Maintenance
Polarion,ML-119410,https://polarion.int.gematik.de/polarion/#/project/Mainline_OPB1/workitem?id=ML-119410,2021-10-27 13:49:50.430048,final,Basis-Consumer,gemProdT_Basis-Consumer_PTV_1.3.0-1,zoPT_Basis_Consumer,1.3.0-1,valid,2021-05-12,2021-08-06,,R4.0.0 Hotfix1 + KIM-Patches 1.0.1
Polarion,ML-120396,https://polarion.int.gematik.de/polarion/#/project/Mainline_OPB1/workitem?id=ML-120396,2021-10-27 13:49:50.430245,final,Basis-Consumer,gemProdT_Basis-Consumer_PTV_1.3.1-0,zoPT_Basis_Consumer,1.3.1-0,endOfLife,2021-03-05,2021-05-12,,R4.0.2
Polarion,ML-120394,https://polarion.int.gematik.de/polarion/#/project/Mainline_OPB1/workitem?id=ML-120394,2021-10-27 13:49:50.430411,final,Basis-Consumer,gemProdT_Basis-Consumer_PTV_1.4.0-0,zoPT_Basis_Consumer,1.4.0-0,approvable,2021-05-12,,,KIM1.5.1
Polarion,ML-121717,https://polarion.int.gematik.de/polarion/#/project/Mainline_OPB1/workitem?id=ML-121717,2021-10-27 13:49:50.430594,final,Basis-Consumer,gemProdT_Basis-Consumer_PTV_1.5.0-0,zoPT_Basis_Consumer,1.5.0-0,approvable,2021-08-06,,,Consumer-Maintenance Paket 1
Polarion,ML-119562,https://polarion.int.gematik.de/polarion/#/project/Mainline_OPB1/workitem?id=ML-119562,2021-10-27 13:49:50.430796,final,Clientmodul KOM-LE,gemProdT_CM_KOMLE_PTV_1.2.1-0,zoPT_CM_KOMLE,1.2.1-0,valid,2018-05-18,2019-10-09,,R2.1.2
Polarion,ML-119563,https://polarion.int.gematik.de/polarion/#/project/Mainline_OPB1/workitem?id=ML-119563,2021-10-27 13:49:50.430981,final,Clientmodul KOM-LE,gemProdT_CM_KOMLE_PTV_1.2.2-0,zoPT_CM_KOMLE,1.2.2-0,valid,2019-10-09,2020-06-30,,R2.1.2+ Errata 1 für KOM-LE
Polarion,ML-119564,https://polarion.int.gematik.de/polarion/#/project/Mainline_OPB1/workitem?id=ML-119564,2021-10-27 13:49:50.431163,final,Clientmodul KOM-LE,gemProdT_CM_KOMLE_PTV_1.3.1-0,zoPT_CM_KOMLE,1.3.1-0,endOfLife,2019-09-10,2020-03-03,,R3.1.2
Polarion,ML-119565,https://polarion.int.gematik.de/polarion/#/project/Mainline_OPB1/workitem?id=ML-119565,2021-10-27 13:49:50.431341,final,Clientmodul KOM-LE,gemProdT_CM_KOMLE_PTV_1.3.2-0,zoPT_CM_KOMLE,1.3.2-0,valid,2020-03-03,2020-09-04,,R3.1.3
Polarion,ML-119566,https://polarion.int.gematik.de/polarion/#/project/Mainline_OPB1/workitem?id=ML-119566,2021-10-27 13:49:50.431522,final,Clientmodul KOM-LE,gemProdT_CM_KOMLE_PTV_1.3.3-0,zoPT_CM_KOMLE,1.3.3-0,valid,2020-09-09,2021-04-16,,R3.1.3 Hotfix 3
Polarion,ML-122054,https://polarion.int.gematik.de/polarion/#/project/Mainline_OPB1/workitem?id=ML-122054,2021-10-27 13:49:50.433657,final,Clientmodul KOM-LE,gemProdT_CM_KOMLE_PTV_1.3.4-0,zoPT_CM_KOMLE,1.3.4-0,approvable,2021-08-17,,,OPB Release 3.1.3-10
Polarion,ML-119568,https://polarion.int.gematik.de/polarion/#/project/Mainline_OPB1/workitem?id=ML-119568,2021-10-27 13:49:50.433962,final,Clientmodul KOM-LE,gemProdT_CM_KOMLE_PTV_1.5.1-0,zoPT_CM_KOMLE,1.5.1-0,endOfLife,2021-03-05,2021-04-16,,R4.0.2
Polarion,ML-119458,https://polarion.int.gematik.de/polarion/#/project/Mainline_OPB1/workitem?id=ML-119458,2021-10-27 13:49:50.434346,final,Clientmodul KOM-LE,gemProdT_CM_KOMLE_PTV_1.6.0-0,zoPT_CM_KOMLE,1.6.0-0,valid,2021-04-16,2021-08-17,,KIM 1.5.1
Polarion,ML-123038,https://polarion.int.gematik.de/polarion/#/project/Mainline_OPB1/workitem?id=ML-123038,2021-10-27 13:49:50.434563,final,Clientmodul KOM-LE,gemProdT_CM_KOMLE_PTV_1.6.1-0,zoPT_CM_KOMLE,1.6.1-0,approvable,2021-08-17,,,KIM 1.5.1-3
Polarion,ML-123324,https://polarion.int.gematik.de/polarion/#/project/Mainline_OPB1/workitem?id=ML-123324,2021-10-27 13:49:50.434770,planned,Clientmodul KOM-LE,gemProdT_CM_KOMLE_PTV_1.6.1-1,zoPT_CM_KOMLE,1.6.1-1,approvable,2021-08-17,,,
Polarion,ML-119470,https://polarion.int.gematik.de/polarion/#/project/Mainline_OPB1/workitem?id=ML-119470,2021-10-27 13:49:50.434960,final,Zulassungsobjekt COS,gemProdT_COS_PTV_4.3.0,zoPT_COS,4.3.0,valid,,,,R1.5.6
Polarion,ML-119471,https://polarion.int.gematik.de/polarion/#/project/Mainline_OPB1/workitem?id=ML-119471,2021-10-27 13:49:50.435152,final,Zulassungsobjekt COS,gemProdT_COS_PTV_4.4.0-0,zoPT_COS,4.4.0-0,valid,2018-05-18,2019-05-15,,R2.1.2
Polarion,ML-119397,https://polarion.int.gematik.de/polarion/#/project/Mainline_OPB1/workitem?id=ML-119397,2021-10-27 13:49:50.435347,final,Zulassungsobjekt COS,gemProdT_COS_PTV_4.5.0-0,zoPT_COS,4.5.0-0,approvable,2019-08-27,,,R3.1.1-1
Polarion,ML-119396,https://polarion.int.gematik.de/polarion/#/project/Mainline_OPB1/workitem?id=ML-119396,2021-10-27 13:49:50.435528,final,Zulassungsobjekt COS,gemProdT_COS_PTV_4.6.0-0,zoPT_COS,4.6.0-0,approvable,2019-10-09,,,R3.1.2
Polarion,ML-119493,https://polarion.int.gematik.de/polarion/#/project/Mainline_OPB1/workitem?id=ML-119493,2021-10-27 13:49:50.435719,final,CVC-Root – ECC,gemProdT_CVC_Root_ECC_PTV_1.3.0-3,zoPT_CVC_Root_ECC,1.3.0-3,valid,2018-05-18,2019-05-15,,R2.1.2
Polarion,ML-119411,https://polarion.int.gematik.de/polarion/#/project/Mainline_OPB1/workitem?id=ML-119411,2021-10-27 13:49:50.435910,final,CVC-Root – ECC,gemProdT_CVC_Root_ECC_PTV_1.4.0-0,zoPT_CVC_Root_ECC,1.4.0-0,approvable,2019-05-15,,,R3.1.0
Polarion,ML-119494,https://polarion.int.gematik.de/polarion/#/project/Mainline_OPB1/workitem?id=ML-119494,2021-10-27 13:49:50.436095,final,Trust Service Provider CVC,gemProdT_CVC_TSP_PTV_1.2.0,zoPT_CVC_TSP,1.2.0,valid,,,,R1.5.6
Polarion,ML-119495,https://polarion.int.gematik.de/polarion/#/project/Mainline_OPB1/workitem?id=ML-119495,2021-10-27 13:49:50.436286,final,Trust Service Provider CVC,gemProdT_CVC_TSP_PTV_1.4.0-0,zoPT_CVC_TSP,1.4.0-0,valid,2017-04-26,2018-05-18,,R1.6.4
Polarion,ML-119496,https://polarion.int.gematik.de/polarion/#/project/Mainline_OPB1/workitem?id=ML-119496,2021-10-27 13:49:50.436478,final,Trust Service Provider CVC,gemProdT_CVC_TSP_PTV_1.4.1-1,zoPT_CVC_TSP,1.4.1-1,valid,2018-12-18,2019-02-19,,R3.0.0
Polarion,ML-119497,https://polarion.int.gematik.de/polarion/#/project/Mainline_OPB1/workitem?id=ML-119497,2021-10-27 13:49:50.436740,final,Trust Service Provider CVC,gemProdT_CVC_TSP_PTV_1.4.1-2,zoPT_CVC_TSP,1.4.1-2,valid,2019-02-19,2019-05-15,,R3.0.0-2
Polarion,ML-119412,https://polarion.int.gematik.de/polarion/#/project/Mainline_OPB1/workitem?id=ML-119412,2021-10-27 13:49:50.436929,final,Trust Service Provider CVC,gemProdT_CVC_TSP_PTV_1.5.0-0,zoPT_CVC_TSP,1.5.0-0,approvable,2019-05-15,,,R3.1.0
Polarion,ML-121510,https://polarion.int.gematik.de/polarion/#/project/Mainline_OPB1/workitem?id=ML-121510,2021-10-27 13:49:50.437116,final,Trust Service Provider CVC,gemProdT_CVC_TSP_PTV_1.5.1-0,zoPT_CVC_TSP,1.5.1-0,approvable,2021-06-30,,,gSMC-K_Laufzeitverlängerung
Polarion,ML-119486,https://polarion.int.gematik.de/polarion/#/project/Mainline_OPB1/workitem?id=ML-119486,2021-10-27 13:49:50.437302,final,Zulassungsobjekt eGK-Objektsystem G2.1,gemProdT_eGK_ObjSys_G2_1_PTV_4.4.0-0,zoPT_eGK_ObjSys_G2_1,4.4.0-0,valid,2017-04-26,2017-10-22,,R1.6.4
Polarion,ML-119487,https://polarion.int.gematik.de/polarion/#/project/Mainline_OPB1/workitem?id=ML-119487,2021-10-27 13:49:50.437485,final,Zulassungsobjekt eGK-Objektsystem G2.1,gemProdT_eGK_ObjSys_G2_1_PTV_4.4.1-1,zoPT_eGK_ObjSys_G2_1,4.4.1-1,valid,2018-05-18,2019-10-09,,R2.1.2
Polarion,ML-119402,https://polarion.int.gematik.de/polarion/#/project/Mainline_OPB1/workitem?id=ML-119402,2021-10-27 13:49:50.437702,final,Zulassungsobjekt eGK-Objektsystem G2.1,gemProdT_eGK_ObjSys_G2_1_PTV_4.5.2-0,zoPT_eGK_ObjSys_G2_1,4.5.2-0,approvable,2019-10-09,,,R3.1.2
Polarion,ML-119473,https://polarion.int.gematik.de/polarion/#/project/Mainline_OPB1/workitem?id=ML-119473,2021-10-27 13:49:50.437882,final,Zulassungsobjekt eGK-Objektsystem (G2),gemProdT_eGK_ObjSys_PTV_4.3.2,zoPT_eGK_ObjSys,4.3.2,valid,,,,R1.5.6
Polarion,ML-119488,https://polarion.int.gematik.de/polarion/#/project/Mainline_OPB1/workitem?id=ML-119488,2021-10-27 13:49:50.438088,final,Bestätigungsgegenstand Personalisierungsvalidierung eGK G2.1,gemProdT_eGK_PersVal_G2_1_PTV_4.3.0-0,zoPT_eGK_PersVal_G2_1,4.3.0-0,valid,2017-04-26,2018-05-18,,R1.6.4
Polarion,ML-119489,https://polarion.int.gematik.de/polarion/#/project/Mainline_OPB1/workitem?id=ML-119489,2021-10-27 13:49:50.438295,final,Bestätigungsgegenstand Personalisierungsvalidierung eGK G2.1,gemProdT_eGK_PersVal_G2_1_PTV_4.3.0-1,zoPT_eGK_PersVal_G2_1,4.3.0-1,valid,2018-05-18,2018-10-26,,R2.1.2
Polarion,ML-119490,https://polarion.int.gematik.de/polarion/#/project/Mainline_OPB1/workitem?id=ML-119490,2021-10-27 13:49:50.438503,final,Bestätigungsgegenstand Personalisierungsvalidierung eGK G2.1,gemProdT_eGK_PersVal_G2_1_PTV_4.4.0-0,zoPT_eGK_PersVal_G2_1,4.4.0-0,valid,2018-10-26,2019-05-15,,R2.1.3
Polarion,ML-119491,https://polarion.int.gematik.de/polarion/#/project/Mainline_OPB1/workitem?id=ML-119491,2021-10-27 13:49:50.438691,final,Bestätigungsgegenstand Personalisierungsvalidierung eGK G2.1,gemProdT_eGK_PersVal_G2_1_PTV_4.5.0-0,zoPT_eGK_PersVal_G2_1,4.5.0-0,valid,2019-05-15,2019-06-28,,R3.1.0
Polarion,ML-119404,https://polarion.int.gematik.de/polarion/#/project/Mainline_OPB1/workitem?id=ML-119404,2021-10-27 13:49:50.438876,final,Bestätigungsgegenstand Personalisierungsvalidierung eGK G2.1,gemProdT_eGK_PersVal_G2_1_PTV_4.5.1-0,zoPT_eGK_PersVal_G2_1,4.5.1-0,approvable,2019-06-28,,,R3.1.1
Polarion,ML-119477,https://polarion.int.gematik.de/polarion/#/project/Mainline_OPB1/workitem?id=ML-119477,2021-10-27 13:49:50.439061,final,Bestätigungsgegenstand Personalisierungsvalidierung eGK (G2),gemProdT_eGK_PersVal_PTV_4.2.0,zoPT_eGK_PersVal,4.2.0,valid,,,,R1.5.6
Polarion,ML-119478,https://polarion.int.gematik.de/polarion/#/project/Mainline_OPB1/workitem?id=ML-119478,2021-10-27 13:49:50.439247,planned,Bestätigungsgegenstand Personalisierungsvalidierung eGK (G2),gemProdT_eGK_PersVal_PTV_4.2.0-3,zoPT_eGK_PersVal,4.2.0-3,valid,2018-05-18,2019-05-15,,R2.1.2
Polarion,ML-119400,https://polarion.int.gematik.de/polarion/#/project/Mainline_OPB1/workitem?id=ML-119400,2021-10-27 13:49:50.439448,planned,Bestätigungsgegenstand Personalisierungsvalidierung eGK (G2),gemProdT_eGK_PersVal_PTV_4.3.0-0,zoPT_eGK_PersVal,4.3.0-0,approvable,2019-05-15,,,R3.1.0
Polarion,ML-119492,https://polarion.int.gematik.de/polarion/#/project/Mainline_OPB1/workitem?id=ML-119492,2021-10-27 13:49:50.439640,final,Bestätigungsgegenstand Sicherheit für die Herausgabe- und Nutzungsprozesse der eGK G2.1,gemProdT_eGK_Sich_G2_1_PTV_4.3.0-1,zoPT_eGK_Sich_G2_1,4.3.0-1,valid,2018-05-18,2019-05-15,,R2.1.2
Polarion,ML-119403,https://polarion.int.gematik.de/polarion/#/project/Mainline_OPB1/workitem?id=ML-119403,2021-10-27 13:49:50.439843,final,Bestätigungsgegenstand Sicherheit für die Herausgabe- und Nutzungsprozesse der eGK G2.1,gemProdT_eGK_Sich_G2_1_PTV_4.4.0-0,zoPT_eGK_Sich_G2_1,4.4.0-0,approvable,2019-05-15,,,R3.1.0
Polarion,ML-119474,https://polarion.int.gematik.de/polarion/#/project/Mainline_OPB1/workitem?id=ML-119474,2021-10-27 13:49:50.440086,final,Bestätigungsgegenstand Sicherheit für die Herausgabe- und Nutzungsprozesse der eGK (G2),gemProdT_eGK_Sich_PTV_4.1.0,zoPT_eGK_Sich,4.1.0,valid,,,,R1.5.6
Polarion,ML-119475,https://polarion.int.gematik.de/polarion/#/project/Mainline_OPB1/workitem?id=ML-119475,2021-10-27 13:49:50.440289,final,Bestätigungsgegenstand Sicherheit für die Herausgabe- und Nutzungsprozesse der eGK (G2),gemProdT_eGK_Sich_PTV_4.2.0-0,zoPT_eGK_Sich,4.2.0-0,valid,2017-02-10,2018-05-18,,R1.6.3
Polarion,ML-119476,https://polarion.int.gematik.de/polarion/#/project/Mainline_OPB1/workitem?id=ML-119476,2021-10-27 13:49:50.440606,final,Bestätigungsgegenstand Sicherheit für die Herausgabe- und Nutzungsprozesse der eGK (G2),gemProdT_eGK_Sich_PTV_4.2.0-1,zoPT_eGK_Sich,4.2.0-1,valid,2018-05-18,2018-10-26,,R2.1.2
Polarion,ML-119506,https://polarion.int.gematik.de/polarion/#/project/Mainline_OPB1/workitem?id=ML-119506,2021-10-27 13:49:50.440825,final,eHealth-Kartenterminal,gemProdT_eHealth_KT_PTV_1.2.1-1,zoPT_eHealth_KT,1.2.1-1,valid,2017-10-23,2018-05-18,,R1.6.4-2
Polarion,ML-119551,https://polarion.int.gematik.de/polarion/#/project/Mainline_OPB1/workitem?id=ML-119551,2021-10-27 13:49:50.441016,final,ePA-Frontend des Versicherten,gemProdT_ePA_FdV_PTV_1.0.0-0,zoPT_ePA_FdV,1.0.0-0,valid,2020-04-27,2020-06-26,,R3.1.3 Hotfix 1
Polarion,ML-119552,https://polarion.int.gematik.de/polarion/#/project/Mainline_OPB1/workitem?id=ML-119552,2021-10-27 13:49:50.441200,final,ePA-Frontend des Versicherten,gemProdT_ePA_FdV_PTV_1.0.1-0,zoPT_ePA_FdV,1.0.1-0,valid,2020-06-26,2020-09-09,,R3.1.3  Hotfix 2
Polarion,ML-119553,https://polarion.int.gematik.de/polarion/#/project/Mainline_OPB1/workitem?id=ML-119553,2021-10-27 13:49:50.441387,final,ePA-Frontend des Versicherten,gemProdT_ePA_FdV_PTV_1.0.2-0,zoPT_ePA_FdV,1.0.2-0,valid,2020-09-09,2020-11-05,,R3.1.3 Hotfix 3
Polarion,ML-119462,https://polarion.int.gematik.de/polarion/#/project/Mainline_OPB1/workitem?id=ML-119462,2021-10-27 13:49:50.441567,final,ePA-Frontend des Versicherten,gemProdT_ePA_FdV_PTV_1.1.0-0,zoPT_ePA_FdV,1.1.0-0,approvable,2020-11-05,,,R3.1.3 Hotfix 6
Polarion,ML-119461,https://polarion.int.gematik.de/polarion/#/project/Mainline_OPB1/workitem?id=ML-119461,2021-10-27 13:49:50.441752,final,ePA-Frontend des Versicherten,gemProdT_ePA_FdV_PTV_2.2.0-0,zoPT_ePA_FdV,2.2.0-0,endOfLife,2021-03-05,2021-06-02,,R4.0.2
Polarion,ML-121706,https://polarion.int.gematik.de/polarion/#/project/Mainline_OPB1/workitem?id=ML-121706,2021-10-27 13:49:50.441944,final,ePA-Frontend des Versicherten,gemProdT_ePA_FdV_PTV_2.4.0-0,zoPT_ePA_FdV,2.4.0-0,valid,2021-07-09,2021-09-02,,ePA 2.0.4
Polarion,ML-124030,https://polarion.int.gematik.de/polarion/#/project/Mainline_OPB1/workitem?id=ML-124030,2021-10-27 13:49:50.442128,final,ePA-Frontend des Versicherten,gemProdT_ePA_FdV_PTV_2.5.0-0,zoPT_ePA_FdV,2.5.0-0,valid,2021-09-02,2021-10-04,,Konnektor-Maintenance-21.5
Polarion,ML-124844,https://polarion.int.gematik.de/polarion/#/project/Mainline_OPB1/workitem?id=ML-124844,2021-10-27 13:49:50.442335,final,ePA-Frontend des Versicherten,gemProdT_ePA_FdV_PTV_2.5.0-1,zoPT_ePA_FdV,2.5.0-1,approvable,2021-10-04,,,Release ePA_2.0.5
Polarion,ML-125256,https://polarion.int.gematik.de/polarion/#/project/Mainline_OPB1/workitem?id=ML-125256,2021-10-27 13:49:50.442593,planned,ePA-Frontend des Versicherten,gemProdT_ePA_FdV_PTV_2.5.0-1,zoPT_ePA_FdV,2.5.0-1,inPreparation,,,,Konnektor_PTV5_Maintenance
Polarion,ML-122258,https://polarion.int.gematik.de/polarion/#/project/Mainline_OPB1/workitem?id=ML-122258,2021-10-27 13:49:50.442790,design,,gemProdT_eRp_AdV_PTV_1.0.x-0,zoPT_eRp_FdV_AdV,1.0.x-0,inPreparation,,,,Release E-Rezept 1.1.0
Polarion,ML-122257,https://polarion.int.gematik.de/polarion/#/project/Mainline_OPB1/workitem?id=ML-122257,2021-10-27 13:49:50.442977,final,Apothekenverzeichnis,gemProdT_eRp_APOVZD_PTV_1.0.0-0,zoPT_eRp_APOVZD,1.0.0-0,approvable,2021-06-21,,,Release E-Rezept 1.1.0
Polarion,ML-125214,https://polarion.int.gematik.de/polarion/#/project/Mainline_OPB1/workitem?id=ML-125214,2021-10-27 13:49:50.443166,design,Apothekenverzeichnis,gemProdT_eRp_APOVZD_PTV_1.0.0-x,zoPT_eRp_APOVZD,1.0.0-x,approvable,,,,TestRWE0815
Polarion,ML-119463,https://polarion.int.gematik.de/polarion/#/project/Mainline_OPB1/workitem?id=ML-119463,2021-10-27 13:49:50.443353,final,E-Rezept-Fachdienst,gemProdT_eRp_FD_PTV_1.2.0-0,zoPT_eRp_FD,1.2.0-0,discontinued,2021-03-05,2021-10-11,,R4.0.2
Polarion,ML-125647,https://polarion.int.gematik.de/polarion/#/project/Mainline_OPB1/workitem?id=ML-125647,2021-10-27 13:49:50.443546,final,E-Rezept-Fachdienst,gemProdT_eRp_FD_PTV_1.3.0-0,zoPT_eRp_FD,1.3.0-0,approvable,2021-10-11,,,Release E-Rezept 1.1.0
Polarion,ML-119464,https://polarion.int.gematik.de/polarion/#/project/Mainline_OPB1/workitem?id=ML-119464,2021-10-27 13:49:50.443792,final,E-Rezept-Frontend des Versicherten,gemProdT_eRp_FdV_PTV_1.2.0-0,zoPT_eRp_FdV,1.2.0-0,discontinued,2021-03-05,2021-10-11,,R4.0.2
Polarion,ML-125649,https://polarion.int.gematik.de/polarion/#/project/Mainline_OPB1/workitem?id=ML-125649,2021-10-27 13:49:50.444120,final,E-Rezept-Frontend des Versicherten,gemProdT_eRp_FdV_PTV_1.3.0-0,zoPT_eRp_FdV,1.3.0-0,approvable,2021-10-11,,,Release E-Rezept 1.1.0
Polarion,ML-119558,https://polarion.int.gematik.de/polarion/#/project/Mainline_OPB1/workitem?id=ML-119558,2021-10-27 13:49:50.444359,final,Fachdienst KOM-LE,gemProdT_FD_KOMLE_PTV_1.2.2-0,zoPT_FD_KOMLE,1.2.2-0,valid,2018-07-13,2019-10-09,,R2.1.2-1
Polarion,ML-119560,https://polarion.int.gematik.de/polarion/#/project/Mainline_OPB1/workitem?id=ML-119560,2021-10-27 13:49:50.444585,final,Fachdienst KOM-LE,gemProdT_FD_KOMLE_PTV_1.2.3-0,zoPT_FD_KOMLE,1.2.3-0,valid,2019-10-09,2020-06-30,,R2.1.2-1 + Errata 1 für KOM-LE
Polarion,ML-119561,https://polarion.int.gematik.de/polarion/#/project/Mainline_OPB1/workitem?id=ML-119561,2021-10-27 13:49:50.444775,final,Fachdienst KOM-LE,gemProdT_FD_KOMLE_PTV_1.3.1-0,zoPT_FD_KOMLE,1.3.1-0,endOfLife,2019-10-09,2020-03-03,,R3.1.2
Polarion,ML-119559,https://polarion.int.gematik.de/polarion/#/project/Mainline_OPB1/workitem?id=ML-119559,2021-10-27 13:49:50.444968,final,Fachdienst KOM-LE,gemProdT_FD_KOMLE_PTV_1.3.2-0,zoPT_FD_KOMLE,1.3.2-0,valid,2020-03-03,2020-11-12,,R3.1.3
Polarion,ML-122053,https://polarion.int.gematik.de/polarion/#/project/Mainline_OPB1/workitem?id=ML-122053,2021-10-27 13:49:50.445158,final,Fachdienst KOM-LE,gemProdT_FD_KOMLE_PTV_1.3.4-0,zoPT_FD_KOMLE,1.3.4-0,approvable,2021-08-17,,,OPB Release 3.1.3-10
Polarion,ML-119569,https://polarion.int.gematik.de/polarion/#/project/Mainline_OPB1/workitem?id=ML-119569,2021-10-27 13:49:50.445347,final,Fachdienst KOM-LE,gemProdT_FD_KOMLE_PTV_1.5.1-0,zoPT_FD_KOMLE,1.5.1-0,endOfLife,2021-03-05,2021-04-16,,R4.0.2
Polarion,ML-119465,https://polarion.int.gematik.de/polarion/#/project/Mainline_OPB1/workitem?id=ML-119465,2021-10-27 13:49:50.445532,final,Fachdienst KOM-LE,gemProdT_FD_KOMLE_PTV_1.6.0-0,zoPT_FD_KOMLE,1.6.0-0,valid,2021-04-16,2021-08-17,,KIM 1.5.1
Polarion,ML-123037,https://polarion.int.gematik.de/polarion/#/project/Mainline_OPB1/workitem?id=ML-123037,2021-10-27 13:49:50.445718,final,Fachdienst KOM-LE,gemProdT_FD_KOMLE_PTV_1.6.1-0,zoPT_FD_KOMLE,1.6.1-0,approvable,2021-08-17,,,KIM 1.5.1-3
Polarion,ML-119469,https://polarion.int.gematik.de/polarion/#/project/Mainline_OPB1/workitem?id=ML-119469,2021-10-27 13:49:50.445899,final,Fachdienste VSDM nonGKV,gemProdT_FD_VSDM_nonGKV_PTV_1.0.0-0,zoPT_FD_VSDM_nonGKV,1.0.0-0,approvable,2021-03-25,,,R4.0.2
Polarion,ML-119548,https://polarion.int.gematik.de/polarion/#/project/Mainline_OPB1/workitem?id=ML-119548,2021-10-27 13:49:50.446089,final,Fachdienste VSDM,gemProdT_FD_VSDM_PTV_1.6.2-0,zoPT_FD_VSDM,1.6.2-0,valid,2020-03-03,2020-11-12,,R3.1.3
Polarion,ML-119466,https://polarion.int.gematik.de/polarion/#/project/Mainline_OPB1/workitem?id=ML-119466,2021-10-27 13:49:50.446285,final,Fachdienste VSDM,gemProdT_FD_VSDM_PTV_1.7.0-0,zoPT_FD_VSDM,1.7.0-0,approvable,2020-11-12,,,R4.0.1
Polarion,ML-119414,https://polarion.int.gematik.de/polarion/#/project/Mainline_OPB1/workitem?id=ML-119414,2021-10-27 13:49:50.446469,final,gematik-Root-CA,gemProdT_gematik_Root_CA_PTV_1.5.1-0,zoPT_gematik_Root_CA,1.5.1-0,approvable,2019-10-09,,,R3.1.2
Polarion,ML-119415,https://polarion.int.gematik.de/polarion/#/project/Mainline_OPB1/workitem?id=ML-119415,2021-10-27 13:49:50.446648,final,gematik-Root-CA,gemProdT_gematik_Root_CA_PTV_1.5.1-1,zoPT_gematik_Root_CA,1.5.1-1,approvable,2020-06-30,,,R4.0.0
Polarion,ML-119482,https://polarion.int.gematik.de/polarion/#/project/Mainline_OPB1/workitem?id=ML-119482,2021-10-27 13:49:50.448543,final,Zulassungsobjekt gSMC-K-Objektsystem,gemProdT_gSMC-K_ObjSys_PTV_4.3.1,zoPT_gSMC_K_ObjSys,4.3.1,valid,2016-11-01,2017-02-10,,R1.6.2
Polarion,ML-119483,https://polarion.int.gematik.de/polarion/#/project/Mainline_OPB1/workitem?id=ML-119483,2021-10-27 13:49:50.448762,final,Zulassungsobjekt gSMC-K-Objektsystem,gemProdT_gSMC-K_ObjSys_PTV_4.3.1-1,zoPT_gSMC_K_ObjSys,4.3.1-1,valid,2017-02-10,2018-05-18,,R1.6.3
Polarion,ML-119401,https://polarion.int.gematik.de/polarion/#/project/Mainline_OPB1/workitem?id=ML-119401,2021-10-27 13:49:50.448944,final,Zulassungsobjekt gSMC-K-Objektsystem,gemProdT_gSMC-K_ObjSys_PTV_4.4.0-0,zoPT_gSMC_K_ObjSys,4.4.0-0,valid,2019-05-15,2021-07-01,,R3.1.0
Polarion,ML-121498,https://polarion.int.gematik.de/polarion/#/project/Mainline_OPB1/workitem?id=ML-121498,2021-10-27 13:49:50.449127,final,Zulassungsobjekt gSMC-K-Objektsystem,gemProdT_gSMC-K_ObjSys_PTV_4.5.0-0,zoPT_gSMC_K_ObjSys,4.5.0-0,approvable,2021-07-01,,,Smartcard_Maintenance_21.1
Polarion,ML-119409,https://polarion.int.gematik.de/polarion/#/project/Mainline_OPB1/workitem?id=ML-119409,2021-10-27 13:49:50.449307,final,Zulassungsobjekt gSMC-KT-Objektsystem,gemProdT_gSMC-KT_ObjSys_G2_1_PTV_4.4.1-2,zoPT_gSMC_KT_ObjSys_G2_1,4.4.1-2,approvable,2018-12-18,,,R3.0.0
Polarion,ML-119484,https://polarion.int.gematik.de/polarion/#/project/Mainline_OPB1/workitem?id=ML-119484,2021-10-27 13:49:50.449491,final,Zulassungsobjekt gSMC-KT-Objektsystem,gemProdT_gSMC-KT_ObjSys_PTV_4.3.0,zoPT_gSMC_KT_ObjSys,4.3.0,valid,2016-11-01,2017-02-10,,R1.6.2
Polarion,ML-119485,https://polarion.int.gematik.de/polarion/#/project/Mainline_OPB1/workitem?id=ML-119485,2021-10-27 13:49:50.449674,final,Zulassungsobjekt gSMC-KT-Objektsystem,gemProdT_gSMC-KT_ObjSys_PTV_4.3.0-1,zoPT_gSMC_KT_ObjSys,4.3.0-1,valid,2017-02-10,2018-05-18,,R1.6.3
Polarion,ML-119406,https://polarion.int.gematik.de/polarion/#/project/Mainline_OPB1/workitem?id=ML-119406,2021-10-27 13:49:50.449860,final,HBA (personalisiert),gemProdT_HBA_G2_1_PTV_4.6.1-0,zoPT_HBA_G2_1,4.6.1-0,valid,2020-09-15,2021-07-01,,R4.0.0 Hotfix 1
Polarion,ML-121500,https://polarion.int.gematik.de/polarion/#/project/Mainline_OPB1/workitem?id=ML-121500,2021-10-27 13:49:50.450038,final,HBA (personalisiert),gemProdT_HBA_G2_1_PTV_4.6.1-1,zoPT_HBA_G2_1,4.6.1-1,approvable,2021-07-01,,,Smartcards_Maintenance_21.1
Polarion,ML-119405,https://polarion.int.gematik.de/polarion/#/project/Mainline_OPB1/workitem?id=ML-119405,2021-10-27 13:49:50.450217,final,Zulassungsobjekt HBA-Objektsystem,gemProdT_HBA_ObjSys_G2_1_PTV_4.7.1-0,zoPT_HBA_ObjSys_G2_1,4.7.1-0,valid,2020-09-15,2021-07-01,,R4.0.0 Hotfix 1
Polarion,ML-121499,https://polarion.int.gematik.de/polarion/#/project/Mainline_OPB1/workitem?id=ML-121499,2021-10-27 13:49:50.450477,final,Zulassungsobjekt HBA-Objektsystem,gemProdT_HBA_ObjSys_G2_1_PTV_4.7.1-1,zoPT_HBA_ObjSys_G2_1,4.7.1-1,approvable,2021-07-01,,,Smartcards_Maintenance_21.1
Polarion,ML-119479,https://polarion.int.gematik.de/polarion/#/project/Mainline_OPB1/workitem?id=ML-119479,2021-10-27 13:49:50.450660,final,Zulassungsobjekt HBA-Objektsystem,gemProdT_HBA_ObjSys_PTV_4.3.1,zoPT_HBA_ObjSys2,4.3.1,valid,,,,R1.5.6
Polarion,ML-119472,https://polarion.int.gematik.de/polarion/#/project/Mainline_OPB1/workitem?id=ML-119472,2021-10-27 13:49:50.450842,final,HBA (personalisiert),gemProdT_HBA_PTV_4.2.2-0,zoPT_HBA,4.2.2-0,valid,2018-10-26,2019-05-15,,R2.1.3
Polarion,ML-119398,https://polarion.int.gematik.de/polarion/#/project/Mainline_OPB1/workitem?id=ML-119398,2021-10-27 13:49:50.451043,final,HBA (personalisiert),gemProdT_HBA_PTV_4.3.0-0,zoPT_HBA,4.3.0-0,valid,2019-05-15,2021-07-01,,R3.1.0
Polarion,ML-119413,https://polarion.int.gematik.de/polarion/#/project/Mainline_OPB1/workitem?id=ML-119413,2021-10-27 13:49:50.451235,final,Identity Provider – Dienst,gemProdT_IDP-Dienst_PTV_2.1.0-0,zoPT_IDP_Dienst,2.1.0-0,endOfLife,2020-12-18,2021-06-14,,R4.0.1 Hotfix 1
Polarion,ML-121143,https://polarion.int.gematik.de/polarion/#/project/Mainline_OPB1/workitem?id=ML-121143,2021-10-27 13:49:50.451445,final,Identity Provider – Dienst,gemProdT_IDP-Dienst_PTV_2.2.0-0,zoPT_IDP_Dienst,2.2.0-0,approvable,2021-06-14,,,IdP 2.2.0
Polarion,ML-125190,https://polarion.int.gematik.de/polarion/#/project/Mainline_OPB1/workitem?id=ML-125190,2021-10-27 13:49:50.451752,planned,Identity Provider - Dienst,gemProdT_IDP-Dienst_PTV_2.2.1,zoPT_IDP_Dienst,2.2.1,inPreparation,,,,Release Sektoraler IDP
Polarion,ML-125191,https://polarion.int.gematik.de/polarion/#/project/Mainline_OPB1/workitem?id=ML-125191,2021-10-27 13:49:50.451959,planned,Sektoraler Identity Provider,gemProdT_IDP-Sek_PTV_1.0.0,zoPT_IDP-Sek,1.0.0,inPreparation,,,,Release Sektoraler IDP
Polarion,ML-119554,https://polarion.int.gematik.de/polarion/#/project/Mainline_OPB1/workitem?id=ML-119554,2021-10-27 13:49:50.452158,final,Intermediär VSDM,gemProdT_Intermediaer_VSDM_PTV_1.5.2-0,zoPT_Intermediaer_VSDM,1.5.2-0,valid,2017-04-26,2018-05-18,,R1.6.4
Polarion,ML-119556,https://polarion.int.gematik.de/polarion/#/project/Mainline_OPB1/workitem?id=ML-119556,2021-10-27 13:49:50.452353,final,Intermediär VSDM,gemProdT_Intermediaer_VSDM_PTV_1.5.3-0,zoPT_Intermediaer_VSDM,1.5.3-0,valid,2018-05-18,2020-06-30,,R2.1.2
Polarion,ML-119555,https://polarion.int.gematik.de/polarion/#/project/Mainline_OPB1/workitem?id=ML-119555,2021-10-27 13:49:50.452539,final,Intermediär VSDM,gemProdT_Intermediaer_VSDM_PTV_1.6.1-0,zoPT_Intermediaer_VSDM,1.6.1-0,valid,2019-10-09,2021-03-19,,R3.1.2
Polarion,ML-119557,https://polarion.int.gematik.de/polarion/#/project/Mainline_OPB1/workitem?id=ML-119557,2021-10-27 13:49:50.452723,final,Intermediär VSDM,gemProdT_Intermediaer_VSDM_PTV_1.6.3-0,zoPT_Intermediaer_VSDM,1.6.3-0,valid,2020-06-30,2021-04-16,,R4.0.0
Polarion,ML-119467,https://polarion.int.gematik.de/polarion/#/project/Mainline_OPB1/workitem?id=ML-119467,2021-10-27 13:49:50.452910,final,Intermediär VSDM,gemProdT_Intermediaer_VSDM_PTV_1.6.4-0,zoPT_Intermediaer_VSDM,1.6.4-0,approvable,2021-04-16,,,R4.0.2
Polarion,ML-119499,https://polarion.int.gematik.de/polarion/#/project/Mainline_OPB1/workitem?id=ML-119499,2021-10-27 13:49:50.453095,final,Konnektor PTV1 (VSDM),gemProdT_Kon_PTV1_1.10.2-0,zoPT_Kon_PTV1,1.10.2-0,valid,2017-10-23,2017-12-05,,R1.6.4-2
Polarion,ML-119500,https://polarion.int.gematik.de/polarion/#/project/Mainline_OPB1/workitem?id=ML-119500,2021-10-27 13:49:50.453283,final,Konnektor PTV1 (VSDM),gemProdT_Kon_PTV1_1.10.3-0,zoPT_Kon_PTV1,1.10.3-0,valid,2017-12-06,2019-10-09,,"R1.6.4-3 Konnektor PTV1-Errata 
(1,2,3,4)"
Polarion,ML-119501,https://polarion.int.gematik.de/polarion/#/project/Mainline_OPB1/workitem?id=ML-119501,2021-10-27 13:49:50.453465,final,Konnektor PTV1 (VSDM),gemProdT_Kon_PTV1_1.10.3-1,zoPT_Kon_PTV1,1.10.3-1,valid,,,,"R1.6.4-3+ Konnektor PTV1-Errata 
(1,2,3,4,5)"
Polarion,ML-119502,https://polarion.int.gematik.de/polarion/#/project/Mainline_OPB1/workitem?id=ML-119502,2021-10-27 13:49:50.453664,final,"Konnektor PTV3 (eMP/AMTS, NFDM)",gemProdT_Kon_PTV3_3.6.0-0,zoPT_Kon_PTV3,3.6.0-0,valid,2019-11-26,2020-02-04,,"R2.1.3-1 + Konnektor PTV3-Errata (1,2,3,4)"
Polarion,ML-119503,https://polarion.int.gematik.de/polarion/#/project/Mainline_OPB1/workitem?id=ML-119503,2021-10-27 13:49:50.453880,final,"Konnektor PTV3 (eMP/AMTS, NFDM)",gemProdT_Kon_PTV3_3.6.0-2,zoPT_Kon_PTV3,3.6.0-2,valid,2020-03-03,2020-09-18,,"R2.1.3-1 + Konnektor PTV3-Errata (1,2,3,4,5,6)"
Polarion,ML-119416,https://polarion.int.gematik.de/polarion/#/project/Mainline_OPB1/workitem?id=ML-119416,2021-10-27 13:49:50.454072,final,"Konnektor PTV3 (eMP/AMTS, NFDM)",gemProdT_Kon_PTV3_3.6.1-0,zoPT_Kon_PTV3,3.6.1-0,approvable,2020-09-18,,,"R2.1.3-1 + Konnektor PTV3-Errata (1,2,3,4,5,6,7)"
Polarion,ML-119504,https://polarion.int.gematik.de/polarion/#/project/Mainline_OPB1/workitem?id=ML-119504,2021-10-27 13:49:50.454268,final,Konnektor PTV4 (ePA),gemProdT_Kon_PTV4_4.8.1-0,zoPT_Kon_PTV4,4.8.1-0,valid,2020-12-04,2021-01-14,,R3.1.3 Hotfix 7
Polarion,ML-119417,https://polarion.int.gematik.de/polarion/#/project/Mainline_OPB1/workitem?id=ML-119417,2021-10-27 13:49:50.454465,final,Konnektor PTV4 (ePA)2),gemProdT_Kon_PTV4_4.8.2-0,zoPT_Kon_PTV4,4.8.2-0,approvable,2021-01-14,,,R3.1.3 Hotfix 8
Polarion,ML-119567,https://polarion.int.gematik.de/polarion/#/project/Mainline_OPB1/workitem?id=ML-119567,2021-10-27 13:49:50.454703,final,Konnektor PTV4 Plus (ePA),gemProdT_Kon_PTV4_4.80.2-0,zoPT_Kon_PTV4,4.80.2-0,endOfLife,2021-01-14,2021-04-07,,R3.1.3 Hotfix 8
Polarion,ML-120395,https://polarion.int.gematik.de/polarion/#/project/Mainline_OPB1/workitem?id=ML-120395,2021-10-27 13:49:50.454997,final,Konnektor PTV4 (ePA + Komfortsignatur),gemProdT_Kon_PTV4Plus_4.80.2-0,zoPT_Kon_PTV4Plus,4.80.2-0,endOfLife,2021-01-14,2021-04-07,,R3.1.3 Hotfix 8
Polarion,ML-119418,https://polarion.int.gematik.de/polarion/#/project/Mainline_OPB1/workitem?id=ML-119418,2021-10-27 13:49:50.455252,final,Konnektor PTV4 (ePA + Komfortsignatur),gemProdT_Kon_PTV4Plus_4.80.3-0,zoPT_Kon_PTV4Plus,4.80.3-0,approvable,2021-04-07,,,R3.1.3 Hotfix 9
Polarion,ML-121511,https://polarion.int.gematik.de/polarion/#/project/Mainline_OPB1/workitem?id=ML-121511,2021-10-27 13:49:50.455528,final,Konnektor PTV5 (ePA 2.0 + Komfortsignatur),gemProdT_Kon_PTV5_5.0.0-0,zoPT_Kon_PTV5,5.0.0-0,endOfLife,2021-06-30,2021-07-14,,"gSMC-K-Laufzeitverlängerung, Konn_Maintenance_21.1/21.2/21.3"
Polarion,ML-121990,https://polarion.int.gematik.de/polarion/#/project/Mainline_OPB1/workitem?id=ML-121990,2021-10-27 13:49:50.455750,final,Konnektor PTV5 (ePA 2.0 + Komfortsignatur),gemProdT_Kon_PTV5_5.0.1-0,zoPT_Kon_PTV5,5.0.1-0,endOfLife,2021-07-14,2021-09-02,,"Hotfix 1 zu gSMC-K-Laufzeitverlängerung, Konn_Maintenance_21.1/21.2/21.3"
Polarion,ML-124032,https://polarion.int.gematik.de/polarion/#/project/Mainline_OPB1/workitem?id=ML-124032,2021-10-27 13:49:50.455973,final,Konnektor PTV5 (ePA 2.0 + Komfortsignatur),gemProdT_Kon_PTV5_5.0.2-0,zoPT_Kon_PTV5,5.0.2-0,approvable,2021-09-02,,,Konnektor-Maintenance-21.5
Polarion,ML-125258,https://polarion.int.gematik.de/polarion/#/project/Mainline_OPB1/workitem?id=ML-125258,2021-10-27 13:49:50.456169,planned,Konnektor PTV5 (ePA 2.0 + Komfortsignatur),gemProdT_Kon_PTV5_5.0.2-1,zoPT_Kon_PTV5,5.0.2-1,inPreparation,,,,Konnektor_PTV5_Maintenance
Polarion,ML-121655,https://polarion.int.gematik.de/polarion/#/project/Mainline_OPB1/workitem?id=ML-121655,2021-10-27 13:49:50.456360,planned,,gemProdT_Konn_Highspeed_PTV_1.0.0-0 CC,zoPT_Konn_Highspeed,1.0.0-0 CC,inPreparation,,,,Highspeed-Konnektor Prüfung
Polarion,ML-124821,https://polarion.int.gematik.de/polarion/#/project/Mainline_OPB1/workitem?id=ML-124821,2021-10-27 13:49:50.456551,design,Highspeed Konnektor,gemProdT_Konn_Highspeed_PTV_1.0.x-0,zoPT_Konn_Highspeed,1.0.x-0,inPreparation,,,,TEST RWE PROD 1
Polarion,ML-119505,https://polarion.int.gematik.de/polarion/#/project/Mainline_OPB1/workitem?id=ML-119505,2021-10-27 13:49:50.456832,final,Konfigurationsdienst,gemProdT_KSR_PTV_1.8.1-0,zoPT_KSR,1.8.1-0,valid,2018-05-18,2018-12-18,,
Polarion,ML-119420,https://polarion.int.gematik.de/polarion/#/project/Mainline_OPB1/workitem?id=ML-119420,2021-10-27 13:49:50.474243,final,Konfigurationsdienst,gemProdT_KSR_PTV_1.8.2-0,zoPT_KSR,1.8.2-0,approvable,2019-05-15,,,R3.1.0
Polarion,ML-119421,https://polarion.int.gematik.de/polarion/#/project/Mainline_OPB1/workitem?id=ML-119421,2021-10-27 13:49:50.474498,final,Konfigurationsdienst,gemProdT_KSR_PTV_1.8.3-0,zoPT_KSR,1.8.3-0,approvable,2019-10-09,,,R3.1.2
Polarion,ML-119422,https://polarion.int.gematik.de/polarion/#/project/Mainline_OPB1/workitem?id=ML-119422,2021-10-27 13:49:50.474696,final,Konfigurationsdienst,gemProdT_KSR_PTV_1.8.4-0,zoPT_KSR,1.8.4-0,approvable,2020-03-03,,,R3.1.3
Polarion,ML-119423,https://polarion.int.gematik.de/polarion/#/project/Mainline_OPB1/workitem?id=ML-119423,2021-10-27 13:49:50.474879,final,Konfigurationsdienst,gemProdT_KSR_PTV_1.8.4-1,zoPT_KSR,1.8.4-1,approvable,2020-06-26,,,R3.1.3 Hotfix 2
Polarion,ML-119424,https://polarion.int.gematik.de/polarion/#/project/Mainline_OPB1/workitem?id=ML-119424,2021-10-27 13:49:50.475060,final,Konfigurationsdienst,gemProdT_KSR_PTV_1.8.5-0,zoPT_KSR,1.8.5-0,approvable,2020-06-30,,,R4.0.0
Polarion,ML-119425,https://polarion.int.gematik.de/polarion/#/project/Mainline_OPB1/workitem?id=ML-119425,2021-10-27 13:49:50.475256,final,Konfigurationsdienst,gemProdT_KSR_PTV_1.8.6-0,zoPT_KSR,1.8.6-0,approvable,2020-11-12,,,R4.0.1
Polarion,ML-119507,https://polarion.int.gematik.de/polarion/#/project/Mainline_OPB1/workitem?id=ML-119507,2021-10-27 13:49:50.475438,final,eHealth-Kartenterminal,gemProdT_KT_PTV_1.2.1-2,zoPT_KT,1.2.1-2,valid,2018-05-18,2018-10-26,,R2.1.2
Polarion,ML-119508,https://polarion.int.gematik.de/polarion/#/project/Mainline_OPB1/workitem?id=ML-119508,2021-10-27 13:49:50.475625,final,eHealth-Kartenterminal,gemProdT_KT_PTV_1.2.1-3,zoPT_KT,1.2.1-3,valid,2018-10-26,2019-05-15,,R2.1.3
Polarion,ML-119427,https://polarion.int.gematik.de/polarion/#/project/Mainline_OPB1/workitem?id=ML-119427,2021-10-27 13:49:50.476013,final,eHealth-Kartenterminal,gemProdT_KT_PTV_1.4.0-0,zoPT_KT,1.4.0-0,valid,2019-10-09,2021-06-30,,R3.1.2 
Polarion,ML-119509,https://polarion.int.gematik.de/polarion/#/project/Mainline_OPB1/workitem?id=ML-119509,2021-10-27 13:49:50.476289,final,eHealth-Kartenterminal,gemProdT_KT_PTV_1.5.0-0,zoPT_KT,1.5.0-0,valid,2020-03-03,2020-09-18,,R3.1.3
Polarion,ML-119510,https://polarion.int.gematik.de/polarion/#/project/Mainline_OPB1/workitem?id=ML-119510,2021-10-27 13:49:50.476498,final,eHealth-Kartenterminal,gemProdT_KT_PTV_1.6.0-0,zoPT_KT,1.6.0-0,valid,2020-06-26,2020-11-05,,R3.1.3 Hotfix 2
Polarion,ML-119428,https://polarion.int.gematik.de/polarion/#/project/Mainline_OPB1/workitem?id=ML-119428,2021-10-27 13:49:50.476725,final,eHealth-Kartenterminal,gemProdT_KT_PTV_1.7.0-0,zoPT_KT,1.7.0-0,valid,2020-11-05,2021-06-30,,R3.1.3 Hotfix 5
Polarion,ML-121512,https://polarion.int.gematik.de/polarion/#/project/Mainline_OPB1/workitem?id=ML-121512,2021-10-27 13:49:50.476917,final,eHealth-Kartenterminal,gemProdT_KT_PTV_1.7.1-0,zoPT_KT,1.7.1-0,approvable,2021-06-30,,,gSMC-K-Laufzeitverlängerung
Polarion,ML-119468,https://polarion.int.gematik.de/polarion/#/project/Mainline_OPB1/workitem?id=ML-119468,2021-10-27 13:49:50.477119,final,KTR-AdV,gemProdT_KTR-AdV_PTV_1.2.0-0,zoPT_KTR_AdV,1.2.0-0,approvable,2021-03-05,,,R4.0.2
Polarion,ML-119426,https://polarion.int.gematik.de/polarion/#/project/Mainline_OPB1/workitem?id=ML-119426,2021-10-27 13:49:50.477304,final,KTR-Consumer,gemProdT_KTR-Consumer_PTV_1.2.1-0,zoPT_KTR_Consumer,1.2.1-0,endOfLife,2021-03-05,2021-08-06,,R4.0.2
Polarion,ML-121718,https://polarion.int.gematik.de/polarion/#/project/Mainline_OPB1/workitem?id=ML-121718,2021-10-27 13:49:50.477483,final,KTR-Consumer,gemProdT_KTR-Consumer_PTV_1.3.0-0,zoPT_KTR_Consumer,1.3.0-0,approvable,2021-08-06,,,Consumer-Maintenance Paket 1
Polarion,ML-119511,https://polarion.int.gematik.de/polarion/#/project/Mainline_OPB1/workitem?id=ML-119511,2021-10-27 13:49:50.477670,final,Mobiles Kartenterminal,gemProdT_MobKT_PTV_1.3.0-2,zoPT_MobKT,1.3.0-2,valid,2017-04-26,2018-05-18,,R1.6.4
Polarion,ML-119512,https://polarion.int.gematik.de/polarion/#/project/Mainline_OPB1/workitem?id=ML-119512,2021-10-27 13:49:50.477851,final,Mobiles Kartenterminal,gemProdT_MobKT_PTV_1.3.0-3,zoPT_MobKT,1.3.0-3,valid,2018-05-18,2018-10-26,,R2.1.2
Polarion,ML-119513,https://polarion.int.gematik.de/polarion/#/project/Mainline_OPB1/workitem?id=ML-119513,2021-10-27 13:49:50.478030,final,Mobiles Kartenterminal,gemProdT_MobKT_PTV_1.3.0-4,zoPT_MobKT,1.3.0-4,valid,2018-10-26,2019-05-15,,R2.1.3
Polarion,ML-119514,https://polarion.int.gematik.de/polarion/#/project/Mainline_OPB1/workitem?id=ML-119514,2021-10-27 13:49:50.478216,final,Mobiles Kartenterminal,gemProdT_MobKT_PTV_1.4.0-0,zoPT_MobKT,1.4.0-0,valid,2019-05-15,2020-06-26,,R3.1.0
Polarion,ML-119429,https://polarion.int.gematik.de/polarion/#/project/Mainline_OPB1/workitem?id=ML-119429,2021-10-27 13:49:50.478391,final,Mobiles Kartenterminal,gemProdT_MobKT_PTV_1.4.0-1,zoPT_MobKT,1.4.0-1,approvable,2020-06-26,,,R3.1.3 Hotfix 2
Polarion,ML-119515,https://polarion.int.gematik.de/polarion/#/project/Mainline_OPB1/workitem?id=ML-119515,2021-10-27 13:49:50.478572,final,Namensdienst,gemProdT_NamD_PTV_1.6.0-0,zoPT_NamD,1.6.0-0,valid,2018-05-18,2019-05-15,,R2.1.2
Polarion,ML-119516,https://polarion.int.gematik.de/polarion/#/project/Mainline_OPB1/workitem?id=ML-119516,2021-10-27 13:49:50.478750,final,Namensdienst,gemProdT_NamD_PTV_1.6.1-0,zoPT_NamD,1.6.1-0,valid,2019-05-15,2020-03-03,,R3.1.0
Polarion,ML-119430,https://polarion.int.gematik.de/polarion/#/project/Mainline_OPB1/workitem?id=ML-119430,2021-10-27 13:49:50.478925,final,Namensdienst,gemProdT_NamD_PTV_1.6.2-1,zoPT_NamD,1.6.2-1,approvable,2021-03-19,,,R3.1.2 + Errata 1 NamD
Polarion,ML-119517,https://polarion.int.gematik.de/polarion/#/project/Mainline_OPB1/workitem?id=ML-119517,2021-10-27 13:49:50.479263,final,Namensdienst,gemProdT_NamD_PTV_1.6.3-0,zoPT_NamD,1.6.3-0,valid,2020-03-03,2020-06-30,,R3.1.3
Polarion,ML-119431,https://polarion.int.gematik.de/polarion/#/project/Mainline_OPB1/workitem?id=ML-119431,2021-10-27 13:49:50.479482,final,Namensdienst,gemProdT_NamD_PTV_1.6.4-0,zoPT_NamD,1.6.4-0,approvable,2020-06-30,,,R4.0.0
Polarion,ML-119518,https://polarion.int.gematik.de/polarion/#/project/Mainline_OPB1/workitem?id=ML-119518,2021-10-27 13:49:50.479670,final,OCSP-Proxy,gemProdT_OCSP_Proxy_PTV_2.2.0-0,zoPT_OCSP_Proxy,2.2.0-0,valid,2018-10-26,2019-05-15,,R2.1.3
Polarion,ML-119433,https://polarion.int.gematik.de/polarion/#/project/Mainline_OPB1/workitem?id=ML-119433,2021-10-27 13:49:50.479957,final,OCSP-Proxy,gemProdT_OCSP_Proxy_PTV_2.4.0-0,zoPT_OCSP_Proxy,2.4.0-0,approvable,2019-10-09,,,R3.1.2
Polarion,ML-119432,https://polarion.int.gematik.de/polarion/#/project/Mainline_OPB1/workitem?id=ML-119432,2021-10-27 13:49:50.480148,final,OCSP-Proxy,gemProdT_OCSP_Proxy_PTV_2.4.0-1,zoPT_OCSP_Proxy,2.4.0-1,approvable,2020-06-30,,,R4.0.0
Polarion,ML-119524,https://polarion.int.gematik.de/polarion/#/project/Mainline_OPB1/workitem?id=ML-119524,2021-10-27 13:49:50.480331,final,Sicherheitsgateway Bestandsnetze,gemProdT_SG_BestNetze_PTV_1.7.1-0,zoPT_SG_BestNetze,1.7.1-0,valid,2018-05-18,2019-05-15,,R2.1.2
Polarion,ML-119525,https://polarion.int.gematik.de/polarion/#/project/Mainline_OPB1/workitem?id=ML-119525,2021-10-27 13:49:50.480518,final,Sicherheitsgateway Bestandsnetze,gemProdT_SG_BestNetze_PTV_1.7.2-0,zoPT_SG_BestNetze,1.7.2-0,valid,2019-05-15,2020-03-03,,R3.1.0
Polarion,ML-119443,https://polarion.int.gematik.de/polarion/#/project/Mainline_OPB1/workitem?id=ML-119443,2021-10-27 13:49:50.480731,final,Sicherheitsgateway Bestandsnetze,gemProdT_SG_BestNetze_PTV_1.7.3-0,zoPT_SG_BestNetze,1.7.3-0,approvable,2019-10-09,,,R3.1.2
Polarion,ML-119526,https://polarion.int.gematik.de/polarion/#/project/Mainline_OPB1/workitem?id=ML-119526,2021-10-27 13:49:50.480999,final,Sicherheitsgateway Bestandsnetze,gemProdT_SG_BestNetze_PTV_1.7.4-0,zoPT_SG_BestNetze,1.7.4-0,valid,2020-03-03,2020-06-30,,R3.1.3
Polarion,ML-119444,https://polarion.int.gematik.de/polarion/#/project/Mainline_OPB1/workitem?id=ML-119444,2021-10-27 13:49:50.481247,final,Sicherheitsgateway Bestandsnetze,gemProdT_SG_BestNetze_PTV_1.7.5-0,zoPT_SG_BestNetze,1.7.5-0,approvable,2020-06-30,,,R4.0.0
Polarion,ML-119445,https://polarion.int.gematik.de/polarion/#/project/Mainline_OPB1/workitem?id=ML-119445,2021-10-27 13:49:50.481498,final,Sicherheitsgateway Bestandsnetze,gemProdT_SG_BestNetze_PTV_1.7.6-0,zoPT_SG_BestNetze,1.7.6-0,approvable,2020-11-12,,,R4.0.1
Polarion,ML-119436,https://polarion.int.gematik.de/polarion/#/project/Mainline_OPB1/workitem?id=ML-119436,2021-10-27 13:49:50.481696,final,Schlüsselgenerierungsdienst ePA,gemProdT_SGD_ePA_PTV_1.1.2-2,zoPT_SGDePA,1.1.2-2,approvable,2020-11-05,,,R3.1.3 Hotfix 6
Polarion,ML-119437,https://polarion.int.gematik.de/polarion/#/project/Mainline_OPB1/workitem?id=ML-119437,2021-10-27 13:49:50.481881,final,Schlüsselgenerierungsdienst ePA,gemProdT_SGD_ePA_PTV_1.1.2-3,zoPT_SGDePA,1.1.2-3,approvable,2020-11-12,,,4.0.1
Polarion,ML-119434,https://polarion.int.gematik.de/polarion/#/project/Mainline_OPB1/workitem?id=ML-119434,2021-10-27 13:49:50.482077,final,Signaturdienst,gemProdT_SigD_PTV_1.1.3-0,zoPT_SigD,1.1.3-0,approvable,2020-06-22,,,R3.1.3 Hotfix 2 
Polarion,ML-119435,https://polarion.int.gematik.de/polarion/#/project/Mainline_OPB1/workitem?id=ML-119435,2021-10-27 13:49:50.482271,final,Signaturdienst,gemProdT_SigD_PTV_1.1.3-1,zoPT_SigD,1.1.3-1,approvable,2020-06-30,,,R4.0.0
Polarion,ML-119408,https://polarion.int.gematik.de/polarion/#/project/Mainline_OPB1/workitem?id=ML-119408,2021-10-27 13:49:50.482465,final,SMC-B (personalisiert),gemProdT_SMC-B_G2_1_PTV_4.8.0-0,zoPT_SMC_B_G2_1,4.8.0-0,approvable,2020-09-15,,,R4.0.0 Hotfix 1
Polarion,ML-119407,https://polarion.int.gematik.de/polarion/#/project/Mainline_OPB1/workitem?id=ML-119407,2021-10-27 13:49:50.482649,final,Zulassungsobjekt SMC-B-Objektsystem,gemProdT_SMC-B_ObjSys_G2_1_PTV_4.8.0-0,zoPT_SMC_B_ObjSys_G2_1,4.8.0-0,approvable,2020-09-15,,,R4.0.0 Hotfix 1
Polarion,ML-119480,https://polarion.int.gematik.de/polarion/#/project/Mainline_OPB1/workitem?id=ML-119480,2021-10-27 13:49:50.482837,final,Zulassungsobjekt SMC-B-Objektsystem,gemProdT_SMC-B_ObjSys_PTV_4.3.0,zoPT_SMC_B_ObjSys,4.3.0,valid,2016-11-01,2018-05-18,,R1.6.2
Polarion,ML-119481,https://polarion.int.gematik.de/polarion/#/project/Mainline_OPB1/workitem?id=ML-119481,2021-10-27 13:49:50.483029,final,SMC-B (personalisiert),gemProdT_SMC-B_PTV_4.4.0-2,zoPT_SMC_B,4.4.0-2,valid,2017-04-26,2018-05-18,,R1.6.4
Polarion,ML-119399,https://polarion.int.gematik.de/polarion/#/project/Mainline_OPB1/workitem?id=ML-119399,2021-10-27 13:49:50.483210,final,SMC-B (personalisiert),gemProdT_SMC-B_PTV_4.5.0-0,zoPT_SMC_B,4.5.0-0,approvable,2019-05-15,,,R3.1.0
Polarion,ML-119519,https://polarion.int.gematik.de/polarion/#/project/Mainline_OPB1/workitem?id=ML-119519,2021-10-27 13:49:50.483401,final,Störungsampel,gemProdT_St_Ampel_PTV_1.6.1-0,zoPT_St_Ampel,1.6.1-0,valid,2017-04-26,2018-05-18,,R1.6.4
Polarion,ML-119520,https://polarion.int.gematik.de/polarion/#/project/Mainline_OPB1/workitem?id=ML-119520,2021-10-27 13:49:50.483584,final,Störungsampel,gemProdT_St_Ampel_PTV_1.6.3-0,zoPT_St_Ampel,1.6.3-0,valid,2019-05-15,2020-06-30,,R3.1.0
Polarion,ML-124969,https://polarion.int.gematik.de/polarion/#/project/Mainline_OPB1/workitem?id=ML-124969,2021-10-27 13:49:50.483765,design,TI-Messager Frontend,gemProdT_TIM_Client_PTV_0.0.1,zoPT_Frontend_TIM,0.0.1,endOfLife,,,,
Polarion,ML-125091,https://polarion.int.gematik.de/polarion/#/project/Mainline_OPB1/workitem?id=ML-125091,2021-10-27 13:49:50.483945,planned,TI-Messager Frontend,gemProdT_TIM_Client_PTV_1.0.0-0 CC,zoPT_Frontend_TIM,1.0.0-0 CC,inPreparation,,,,Release TI-Messenger 1.0.0
Polarion,ML-124968,https://polarion.int.gematik.de/polarion/#/project/Mainline_OPB1/workitem?id=ML-124968,2021-10-27 13:49:50.484130,design,TI-Messager Fachdienst,gemProdT_TIM_FD_PTV_0.0.1,zoPT_TIM_FD,0.0.1,endOfLife,,,,
Polarion,ML-125092,https://polarion.int.gematik.de/polarion/#/project/Mainline_OPB1/workitem?id=ML-125092,2021-10-27 13:49:50.484408,planned,TI-Messager Fachdienst,gemProdT_TIM_FD_PTV_1.0.0-0 CC,zoPT_TIM_FD,1.0.0-0 CC,inPreparation,,,,Release TI-Messenger 1.0.0
Polarion,ML-119521,https://polarion.int.gematik.de/polarion/#/project/Mainline_OPB1/workitem?id=ML-119521,2021-10-27 13:49:50.484647,final,TSL-Dienst,gemProdT_TSL_PTV_2.1.0-0,zoPT_TSL,2.1.0-0,valid,2019-10-09,2020-11-12,,R3.1.2
Polarion,ML-119438,https://polarion.int.gematik.de/polarion/#/project/Mainline_OPB1/workitem?id=ML-119438,2021-10-27 13:49:50.484840,final,TSL-Dienst,gemProdT_TSL_PTV_2.2.0-0,zoPT_TSL,2.2.0-0,approvable,2021-03-05,,,R4.0.2
Polarion,ML-119522,https://polarion.int.gematik.de/polarion/#/project/Mainline_OPB1/workitem?id=ML-119522,2021-10-27 13:49:50.485023,final,VPN-Zugangsdienst,gemProdT_VPN_ZugD_PTV_1.7.3-0,zoPT_VPN_ZugD,1.7.3-0,valid,2017-10-23,2018-05-18,,R1.6.4-2
Polarion,ML-119523,https://polarion.int.gematik.de/polarion/#/project/Mainline_OPB1/workitem?id=ML-119523,2021-10-27 13:49:50.485213,final,VPN-Zugangsdienst,gemProdT_VPN_ZugD_PTV_1.7.4-0,zoPT_VPN_ZugD,1.7.4-0,valid,2018-05-18,2018-10-26,,R2.1.2
Polarion,ML-119439,https://polarion.int.gematik.de/polarion/#/project/Mainline_OPB1/workitem?id=ML-119439,2021-10-27 13:49:50.485395,final,VPN-Zugangsdienst,gemProdT_VPN_ZugD_PTV_1.8.1-0,zoPT_VPN_ZugD,1.8.1-0,endOfLife,2019-10-09,2021-07-09,,R3.1.2
Polarion,ML-119440,https://polarion.int.gematik.de/polarion/#/project/Mainline_OPB1/workitem?id=ML-119440,2021-10-27 13:49:50.485576,final,VPN-Zugangsdienst,gemProdT_VPN_ZugD_PTV_1.8.2-0,zoPT_VPN_ZugD,1.8.2-0,endOfLife,2020-03-03,2021-07-09,,R3.1.3
Polarion,ML-119441,https://polarion.int.gematik.de/polarion/#/project/Mainline_OPB1/workitem?id=ML-119441,2021-10-27 13:49:50.485772,final,VPN-Zugangsdienst,gemProdT_VPN_ZugD_PTV_1.8.3-0,zoPT_VPN_ZugD,1.8.3-0,approvable,2020-06-30,,,R4.0.0
Polarion,ML-119442,https://polarion.int.gematik.de/polarion/#/project/Mainline_OPB1/workitem?id=ML-119442,2021-10-27 13:49:50.485964,final,VPN-Zugangsdienst,gemProdT_VPN_ZugD_PTV_1.8.4-0,zoPT_VPN_ZugD,1.8.4-0,approvable,2020-11-12,,,R4.0.1
Polarion,ML-121682,https://polarion.int.gematik.de/polarion/#/project/Mainline_OPB1/workitem?id=ML-121682,2021-10-27 13:49:50.486162,final,VPN-Zugangsdienst,gemProdT_VPN_ZugD_PTV_1.8.5-0,zoPT_VPN_ZugD,1.8.5-0,approvable,2021-07-09,,,R4.0.2 und Konn_Maintenance_21.3
Polarion,ML-124966,https://polarion.int.gematik.de/polarion/#/project/Mainline_OPB1/workitem?id=ML-124966,2021-10-27 13:49:50.486344,design,Verzeichnisdienst FHIR,gemProdT_VZD_FHIR_PTV_0.0.1,zoPT_VZD_FHIR,0.0.1,endOfLife,,,,
Polarion,ML-125090,https://polarion.int.gematik.de/polarion/#/project/Mainline_OPB1/workitem?id=ML-125090,2021-10-27 13:49:50.486635,planned,Verzeichnisdienst FHIR,gemProdT_VZD_FHIR_PTV_1.0.0-0 CC,zoPT_VZD_FHIR,1.0.0-0 CC,inPreparation,,,,Release TI-Messenger 1.0.0
Polarion,ML-119527,https://polarion.int.gematik.de/polarion/#/project/Mainline_OPB1/workitem?id=ML-119527,2021-10-27 13:49:50.486827,final,Verzeichnisdienst,gemProdT_VZD_PTV_1.5.0-0,zoPT_VZD,1.5.0-0,valid,2019-10-09,2021-03-05,,R3.1.2
Polarion,ML-119528,https://polarion.int.gematik.de/polarion/#/project/Mainline_OPB1/workitem?id=ML-119528,2021-10-27 13:49:50.487020,final,Verzeichnisdienst,gemProdT_VZD_PTV_1.5.0-1,zoPT_VZD,1.5.0-1,valid,,,,R3.1.3  Hotfix 5
Polarion,ML-119529,https://polarion.int.gematik.de/polarion/#/project/Mainline_OPB1/workitem?id=ML-119529,2021-10-27 13:49:50.487219,final,Verzeichnisdienst,gemProdT_VZD_PTV_1.5.3-0,zoPT_VZD,1.5.3-0,valid,2021-03-05,2021-04-16,,R4.0.2
Polarion,ML-119446,https://polarion.int.gematik.de/polarion/#/project/Mainline_OPB1/workitem?id=ML-119446,2021-10-27 13:49:50.487495,final,Verzeichnisdienst,gemProdT_VZD_PTV_1.6.0-0,zoPT_VZD,1.6.0-0,approvable,2021-04-16,,,KIM 1.5.1
Polarion,ML-121555,https://polarion.int.gematik.de/polarion/#/project/Mainline_OPB1/workitem?id=ML-121555,2021-10-27 13:49:50.487685,planned,,gemProdT_VZD_PTV_1.6.1,zoPT_VZD,1.6.1,approvable,,,,
Polarion,ML-122907,https://polarion.int.gematik.de/polarion/#/project/Mainline_OPB1/workitem?id=ML-122907,2021-10-27 13:49:50.487866,design,Verzeichnisdienst,gemProdT_VZD_PTV_1.6.x-0,zoPT_VZD,1.6.x-0,inPreparation,,,,
Polarion,ML-119498,https://polarion.int.gematik.de/polarion/#/project/Mainline_OPB1/workitem?id=ML-119498,2021-10-27 13:49:50.488057,final,gematik-Root-CA,gemProdT_X509_gematik_Root_CA_PTV_1.4.0-1,zoPT_X509_gematik_Root_CA,1.4.0-1,valid,2017-10-23,2018-05-18,,R1.6.4-2
Polarion,ML-119531,https://polarion.int.gematik.de/polarion/#/project/Mainline_OPB1/workitem?id=ML-119531,2021-10-27 13:49:50.488250,final,Trust Service Provider X.509 (nonQES) – eGK,gemProdT_X509_TSP_nonQES_eGK_PTV_1.7.1-0,zoPT_X509_TSP_nonQES_eGK,1.7.1-0,valid,2017-12-06,2018-05-18,,R1.6.4-3
Polarion,ML-119532,https://polarion.int.gematik.de/polarion/#/project/Mainline_OPB1/workitem?id=ML-119532,2021-10-27 13:49:50.488461,final,Trust Service Provider X.509 (nonQES) – eGK,gemProdT_X509_TSP_nonQES_eGK_PTV_1.7.2-0,zoPT_X509_TSP_nonQES_eGK,1.7.2-0,valid,2018-05-18,2018-10-26,,R2.1.2
Polarion,ML-119533,https://polarion.int.gematik.de/polarion/#/project/Mainline_OPB1/workitem?id=ML-119533,2021-10-27 13:49:50.488658,final,Trust Service Provider X.509 (nonQES) – eGK,gemProdT_X509_TSP_nonQES_eGK_PTV_1.7.3-0,zoPT_X509_TSP_nonQES_eGK,1.7.3-0,valid,2018-10-26,2019-05-15,,R2.1.3
Polarion,ML-119448,https://polarion.int.gematik.de/polarion/#/project/Mainline_OPB1/workitem?id=ML-119448,2021-10-27 13:49:50.488860,final,Trust Service Provider X.509 (nonQES) – eGK,gemProdT_X509_TSP_nonQES_eGK_PTV_1.8.2-1,zoPT_X509_TSP_nonQES_eGK,1.8.2-1,approvable,2020-06-30,,,R4.0.0
Polarion,ML-119534,https://polarion.int.gematik.de/polarion/#/project/Mainline_OPB1/workitem?id=ML-119534,2021-10-27 13:49:50.489077,final,Trust Service Provider X.509 (nonQES) – HBA,gemProdT_X509_TSP_nonQES_HBA_PTV_1.7.2-0,zoPT_X509_TSP_nonQES_HBA,1.7.2-0,valid,2018-05-18,2018-10-26,,R2.1.2
Polarion,ML-119535,https://polarion.int.gematik.de/polarion/#/project/Mainline_OPB1/workitem?id=ML-119535,2021-10-27 13:49:50.489272,final,Trust Service Provider X.509 (nonQES) – HBA,gemProdT_X509_TSP_nonQES_HBA_PTV_1.7.3-0,zoPT_X509_TSP_nonQES_HBA,1.7.3-0,valid,2018-10-26,2019-05-15,,R2.1.3
Polarion,ML-119536,https://polarion.int.gematik.de/polarion/#/project/Mainline_OPB1/workitem?id=ML-119536,2021-10-27 13:49:50.489483,final,Trust Service Provider X.509 (nonQES) – HBA,gemProdT_X509_TSP_nonQES_HBA_PTV_1.8.0-0,zoPT_X509_TSP_nonQES_HBA,1.8.0-0,valid,2019-05-15,2019-10-09,,R3.1.0
Polarion,ML-119449,https://polarion.int.gematik.de/polarion/#/project/Mainline_OPB1/workitem?id=ML-119449,2021-10-27 13:49:50.489840,final,Trust Service Provider X.509 (nonQES) – HBA,gemProdT_X509_TSP_nonQES_HBA_PTV_1.8.3-0,zoPT_X509_TSP_nonQES_HBA,1.8.3-0,approvable,2020-06-30,,,R4.0.0
Polarion,ML-119530,https://polarion.int.gematik.de/polarion/#/project/Mainline_OPB1/workitem?id=ML-119530,2021-10-27 13:49:50.490065,final,Trust Service Provider X.509 (nonQES) – Komp,gemProdT_X509_TSP_nonQES_Komp_PTV_1.10.1-0,zoPT_X509_TSP_nonQES_Komp,1.10.1-0,valid,2019-10-09,2020-06-30,,R3.1.2
Polarion,ML-119447,https://polarion.int.gematik.de/polarion/#/project/Mainline_OPB1/workitem?id=ML-119447,2021-10-27 13:49:50.490276,final,Trust Service Provider X.509 (nonQES) – Komp,gemProdT_X509_TSP_nonQES_Komp_PTV_1.10.2-0,zoPT_X509_TSP_nonQES_Komp,1.10.2-0,valid,2020-06-30,2021-06-30,,R4.0.0
Polarion,ML-121513,https://polarion.int.gematik.de/polarion/#/project/Mainline_OPB1/workitem?id=ML-121513,2021-10-27 13:49:50.490481,final,Trust Service Provider X.509 (nonQES) – Komp,gemProdT_X509_TSP_nonQES_Komp_PTV_1.10.3-0,zoPT_X509_TSP_nonQES_Komp,1.10.3-0,approvable,2021-06-30,,,gSMC-K_Laufzeitverlängerung
Polarion,ML-119539,https://polarion.int.gematik.de/polarion/#/project/Mainline_OPB1/workitem?id=ML-119539,2021-10-27 13:49:50.490679,final,Trust Service Provider X.509 (nonQES) – SMC-B,gemProdT_X509_TSP_nonQES_SMC-B_PTV_1.12.0-0,zoPT_X509_TSP_nonQES_SMC_B,1.12.0-0,valid,2019-06-28,2019-10-09,,R3.1.1
Polarion,ML-119540,https://polarion.int.gematik.de/polarion/#/project/Mainline_OPB1/workitem?id=ML-119540,2021-10-27 13:49:50.490879,final,Trust Service Provider X.509 (nonQES) – SMC-B,gemProdT_X509_TSP_nonQES_SMC-B_PTV_1.12.2-0,zoPT_X509_TSP_nonQES_SMC_B,1.12.2-0,valid,2020-03-03,2020-06-30,,R3.1.3
Polarion,ML-119450,https://polarion.int.gematik.de/polarion/#/project/Mainline_OPB1/workitem?id=ML-119450,2021-10-27 13:49:50.491077,final,Trust Service Provider X.509 (nonQES) – SMC-B,gemProdT_X509_TSP_nonQES_SMC-B_PTV_1.12.3-0,zoPT_X509_TSP_nonQES_SMC_B,1.12.3-0,approvable,2020-06-30,,,SMCB_CI_Maintenance_21_1
Polarion,ML-119537,https://polarion.int.gematik.de/polarion/#/project/Mainline_OPB1/workitem?id=ML-119537,2021-10-27 13:49:50.491269,final,Trust Service Provider X.509 (nonQES) – SMC-B,gemProdT_X509_TSP_nonQES_SMC-B_PTV_1.8.0-0,zoPT_X509_TSP_nonQES_SMC_B,1.8.0-0,valid,2017-07-12,2017-12-05,,R1.6.4-1
Polarion,ML-119538,https://polarion.int.gematik.de/polarion/#/project/Mainline_OPB1/workitem?id=ML-119538,2021-10-27 13:49:50.491459,final,Trust Service Provider X.509 (nonQES) – SMC-B,gemProdT_X509_TSP_nonQES_SMC-B_PTV_1.9.1-0,zoPT_X509_TSP_nonQES_SMC_B,1.9.1-0,valid,2017-12-06,2017-12-18,,R1.6.4-3
Polarion,ML-119541,https://polarion.int.gematik.de/polarion/#/project/Mainline_OPB1/workitem?id=ML-119541,2021-10-27 13:49:50.491650,final,Trust Service Provider X.509 QES,gemProdT_X509_TSP_QES_PTV_1.8.1-0,zoPT_X509_TSP_QES,1.8.1-0,valid,2018-05-18,2018-10-26,,R2.1.2
Polarion,ML-119542,https://polarion.int.gematik.de/polarion/#/project/Mainline_OPB1/workitem?id=ML-119542,2021-10-27 13:49:50.491833,final,Trust Service Provider X.509 QES,gemProdT_X509_TSP_QES_PTV_1.8.2-0,zoPT_X509_TSP_QES,1.8.2-0,valid,2018-10-26,2019-05-15,,R2.1.3
Polarion,ML-119543,https://polarion.int.gematik.de/polarion/#/project/Mainline_OPB1/workitem?id=ML-119543,2021-10-27 13:49:50.492025,final,Trust Service Provider X.509 QES,gemProdT_X509_TSP_QES_PTV_1.9.0-1,zoPT_X509_TSP_QES,1.9.0-1,valid,2019-06-28,2019-10-09,,R3.1.1
Polarion,ML-119544,https://polarion.int.gematik.de/polarion/#/project/Mainline_OPB1/workitem?id=ML-119544,2021-10-27 13:49:50.492209,final,Trust Service Provider X.509 QES,gemProdT_X509_TSP_QES_PTV_1.9.2-0 ,zoPT_X509_TSP_QES,1.9.2-0 ,valid,2020-03-03,2020-06-30,,R3.1.3
Polarion,ML-119451,https://polarion.int.gematik.de/polarion/#/project/Mainline_OPB1/workitem?id=ML-119451,2021-10-27 13:49:50.492400,final,Trust Service Provider X.509 QES,gemProdT_X509_TSP_QES_PTV_1.9.3-0,zoPT_X509_TSP_QES,1.9.3-0,approvable,2020-06-30,,,R4.0.0
Polarion,ML-119545,https://polarion.int.gematik.de/polarion/#/project/Mainline_OPB1/workitem?id=ML-119545,2021-10-27 13:49:50.492593,final,Zeitdienst,gemProdT_ZeitD_PTV_1.5.1-0,zoPT_ZeitD,1.5.1-0,valid,2017-04-26,2018-05-18,,R1.6.4
Polarion,ML-119546,https://polarion.int.gematik.de/polarion/#/project/Mainline_OPB1/workitem?id=ML-119546,2021-10-27 13:49:50.492779,final,Zeitdienst,gemProdT_ZeitD_PTV_1.5.3-0,zoPT_ZeitD,1.5.3-0,valid,2019-05-15,2020-03-03,,R3.1.0
Polarion,ML-119452,https://polarion.int.gematik.de/polarion/#/project/Mainline_OPB1/workitem?id=ML-119452,2021-10-27 13:49:50.492969,final,Zeitdienst,gemProdT_ZeitD_PTV_1.5.4-0,zoPT_ZeitD,1.5.4-0,approvable,2019-10-09,,,R3.1.2
Polarion,ML-119453,https://polarion.int.gematik.de/polarion/#/project/Mainline_OPB1/workitem?id=ML-119453,2021-10-27 13:49:50.493155,final,Zeitdienst,gemProdT_ZeitD_PTV_1.5.5-0,zoPT_ZeitD,1.5.5-0,approvable,2020-03-03,,,R3.1.3
Polarion,ML-119454,https://polarion.int.gematik.de/polarion/#/project/Mainline_OPB1/workitem?id=ML-119454,2021-10-27 13:49:50.493415,final,Zeitdienst,gemProdT_ZeitD_PTV_1.5.6-0,zoPT_ZeitD,1.5.6-0,approvable,2020-06-30,,,R4.0.0
Polarion,ML-119455,https://polarion.int.gematik.de/polarion/#/project/Mainline_OPB1/workitem?id=ML-119455,2021-10-27 13:49:50.493600,final,Zeitdienst,gemProdT_ZeitD_PTV_1.5.7-0,zoPT_ZeitD,1.5.7-0,approvable,2020-11-12,,,R4.0.1
Polarion,ML-119547,https://polarion.int.gematik.de/polarion/#/project/Mainline_OPB1/workitem?id=ML-119547,2021-10-27 13:49:50.493913,final,Zentrales Netz der TI,gemProdT_ZentrNetz_PTV_1.5.6-0,zoPT_ZentrNetz,1.5.6-0,valid,2019-10-09,2020-12-04,,R3.1.2
Polarion,ML-119456,https://polarion.int.gematik.de/polarion/#/project/Mainline_OPB1/workitem?id=ML-119456,2021-10-27 13:49:50.494106,final,Zentrales Netz der TI,gemProdT_ZentrNetz_PTV_1.5.6-1,zoPT_ZentrNetz,1.5.6-1,valid,2020-12-04,2021-06-30,,R3.1.3 Hotfix 7
Polarion,ML-119457,https://polarion.int.gematik.de/polarion/#/project/Mainline_OPB1/workitem?id=ML-119457,2021-10-27 13:49:50.494298,final,Zentrales Netz der TI,gemProdT_ZentrNetz_PTV_1.5.8-0,zoPT_ZentrNetz,1.5.8-0,valid,2020-06-30,2021-06-30,,R4.0.0
Polarion,ML-121514,https://polarion.int.gematik.de/polarion/#/project/Mainline_OPB1/workitem?id=ML-121514,2021-10-27 13:49:50.494478,final,Zentrales Netz der TI,gemProdT_ZentrNetz_PTV_1.5.9-0,zoPT_ZentrNetz,1.5.9-0,approvable,2021-06-30,,,CI-Maintenance_21.2
Polarion,ML-124845,https://polarion.int.gematik.de/polarion/#/project/Mainline_OPB1/workitem?id=ML-124845,2021-10-27 13:49:50.494660,design,Primärsystem-Schnittstelle ePA,gemSST_PS_ePA_V_1.0.0,zoSST_PS_ePA,1.0.0,inPreparation,,,,Release ePA_2.0.5
Polarion,ML-124869,https://polarion.int.gematik.de/polarion/#/project/Mainline_OPB1/workitem?id=ML-124869,2021-10-27 13:49:50.494849,final,Bestätigungsgegenstand Primärsystem-Schnittstelle E-Rezept: abgebendes System,gemSST_PS_eRp_abgebend_V_1.0.0-0,zoSST_PS_eRp_abgebend,1.0.0-0,approvable,2021-06-21,,,Release E-Rezept 1.1.0
Polarion,ML-124868,https://polarion.int.gematik.de/polarion/#/project/Mainline_OPB1/workitem?id=ML-124868,2021-10-27 13:49:50.495038,final,Bestätigungsgegenstand Primärsystem-Schnittstelle E-Rezept: verordnendes System,gemSST_PS_eRp_verordnend_V_1.0.0-0,zoSST_PS_eRp_verordnend,1.0.0-0,approvable,2021-06-21,,,Release E-Rezept 1.1.0
